{"cameraMode":{"drawMode":0,"name":"Shaded","section":"Shading Mode"},"sceneLighting":false,"audioPlay":false,"sceneViewState":{"showFog":true,"showMaterialUpdate":false,"showSkybox":false,"showFlares":true,"showImageEffects":true,"showParticleSystems":true},"in2DMode":false,"pivot":{"x":0.2080078125,"y":1.6279633045196534,"z":-0.06396484375},"rotation":{"x":0.030059825628995897,"y":0.8562421202659607,"z":-0.050147417932748798,"w":0.5132573246955872},"size":1.9453675746917725,"orthographic":true}