{"cameraMode":{"drawMode":0,"name":"Shaded","section":"Shading Mode"},"sceneLighting":false,"audioPlay":false,"sceneViewState":{"showFog":true,"showMaterialUpdate":false,"showSkybox":false,"showFlares":true,"showImageEffects":true,"showParticleSystems":true},"in2DMode":false,"pivot":{"x":0.014603137969970703,"y":6.553041458129883,"z":16.82499885559082},"rotation":{"x":0.14852119982242585,"y":0.2045944780111313,"z":-0.031422488391399387,"w":0.9670073986053467},"size":4.594837188720703,"orthographic":true}