{"cameraMode":{"drawMode":0,"name":"Shaded","section":"Shading Mode"},"sceneLighting":true,"audioPlay":false,"sceneViewState":{"showFog":true,"showMaterialUpdate":false,"showSkybox":true,"showFlares":true,"showImageEffects":true,"showParticleSystems":true},"in2DMode":false,"pivot":{"x":0.0,"y":0.5199999809265137,"z":0.5960000157356262},"rotation":{"x":0.28372064232826235,"y":0.16013963520526887,"z":-0.04811777547001839,"w":0.9442242980003357},"size":0.5698619484901428,"orthographic":true}