{"cameraMode":{"drawMode":0,"name":"Shaded","section":"Shading Mode"},"sceneLighting":true,"audioPlay":false,"sceneViewState":{"showFog":true,"showMaterialUpdate":false,"showSkybox":true,"showFlares":true,"showImageEffects":true,"showParticleSystems":true},"in2DMode":false,"pivot":{"x":0.23500001430511475,"y":0.5029999613761902,"z":0.5960000157356262},"rotation":{"x":0.28372064232826235,"y":0.16013963520526887,"z":-0.04811777547001839,"w":0.9442242980003357},"size":11.81702709197998,"orthographic":true}